<?xml version="1.0" encoding="UTF-8" ?>
<odoo>
    <t t-name="theme_multishop.custom_categories_snippet1" name="Categories Featured Products">
        <section id="categories_product">
            <div class="container-fluid pt-5">
                <h2 class="section-title position-relative text-uppercase mx-xl-5 mb-4">
                    <span class="pr-2">Categories</span>
                </h2>
                <div class="row px-xl-5 pb-3">
                    <t t-foreach="data" t-as="product">
                        <div class="col-lg-3 col-md-4 col-sm-6 pb-1">
                            <a class="text-decoration-none" t-attf-href="/shop/category/#{(product.id_p)}">
                                <div class="cat-item d-flex align-items-center mb-4">
                                    <div class="overflow-hidden" style="width: 100px; height: 100px;">
                                        <img class="img-fluid" t-att-src="product.image_url" alt="Image"/>
                                    </div>
                                    <div class="flex-fill pl-3">
                                        <h6>
                                            <t t-esc="product.name"/>
                                        </h6>
                                    </div>
                                </div>
                            </a>
                        </div>
                    </t>
                </div>
            </div>
        </section>
    </t>
</odoo>