<?xml version="1.0" encoding="UTF-8" ?>
<!-- recently_added.xml -->

<odoo>
    <t t-name="theme_multishop.recently_added_products" name="Recently Added Products">
        <section class="recent_product">
            <div class="container-fluid pt-5 pb-3">
                <h2 class="section-title position-relative text-uppercase mx-xl-5 mb-4">
                    <span class="bg-secondary pr-3">Recent Products</span>
                </h2>
                <div class="row px-xl-5">
                    <t t-foreach="data" t-as="rp">
                        <div class="col-lg-3 col-md-4 col-sm-6 pb-1">
                            <div class="product-item bg-light mb-4">
                                <div class="product-img position-relative overflow-hidden">
                                    <img class="img-fluid w-100" style="height: 180px; width: 150px;"
                                         t-attf-src="/web/image?model=product.template&amp;field=image_1920&amp;id=#{(rp.id)}"/>
                                    <div class="product-action">
                                        <a class="btn btn-outline-dark btn-square" href="">
                                            <i class="fa fa-shopping-cart"></i>
                                        </a>
                                        <a class="btn btn-outline-dark btn-square" href="">
                                            <i class="far fa-heart"></i>
                                        </a>
                                        <a class="btn btn-outline-dark btn-square" href="">
                                            <i class="fa fa-sync-alt"></i>
                                        </a>
                                        <a class="btn btn-outline-dark btn-square" href="">
                                            <i class="fa fa-search"></i>
                                        </a>
                                    </div>
                                </div>
                                <div class="text-center py-4">
<!--                                    <div>-->
<!--                                        <span t-esc="rp.categ_id"/>-->
<!--                                    </div>-->
                                    <div class="h6 text-decoration-none text-truncate">
                                        <a t-attf-href="/shop/product/#{(rp.id)}">
                                            <span t-esc="rp.name"/>
                                        </a>
                                    </div>
                                    <!--                                                <div class="p_rating ">-->
                                    <!--                                                    <div class="o_website_rating_static" style="display:flex;"-->
                                    <!--                                                         t-att-style="inline_mode and 'display:inline'"-->
                                    <!--                                                         t-att-title="rating_avg">-->
                                    <!--                                                        <t t-call="portal_rating.rating_stars_static">-->
                                    <!--                                                            <t t-set="val" t-value="rp.rating_avg || 0"/>-->
                                    <!--                                                        </t>-->
                                    <!--                                                    </div>-->
                                    <!--                                                </div>-->
                                    <div class="d-flex align-items-center justify-content-center mt-2">
                                        $
                                        <span t-esc="rp.list_price"/>
                                    </div>
                                </div>
                            </div>
                        </div>
                    </t>
                </div>
            </div>
        </section>
    </t>
</odoo>